image_test,label_test
ISIC_0027797.jpg,0
ISIC_0033962.jpg,0
ISIC_0033299.jpg,0
ISIC_0026690.jpg,0
ISIC_0028965.jpg,0
ISIC_0028512.jpg,0
ISIC_0025303.jpg,0
ISIC_0032982.jpg,0
ISIC_0027067.jpg,0
ISIC_0034101.jpg,0
ISIC_0028746.jpg,0
ISIC_0032716.jpg,0
ISIC_0027442.jpg,0
ISIC_0033344.jpg,0
ISIC_0024482.jpg,0
ISIC_0032917.jpg,0
ISIC_0030883.jpg,0
ISIC_0033886.jpg,0
ISIC_0025128.jpg,0
ISIC_0028584.jpg,0
ISIC_0028109.jpg,0
ISIC_0029209.jpg,0
ISIC_0026963.jpg,0
ISIC_0030604.jpg,0
ISIC_0028029.jpg,0
ISIC_0032766.jpg,0
ISIC_0024929.jpg,0
ISIC_0033274.jpg,0
ISIC_0031565.jpg,0
ISIC_0034150.jpg,0
ISIC_0034162.jpg,0
ISIC_0028505.jpg,0
ISIC_0034036.jpg,0
ISIC_0026586.jpg,0
ISIC_0033258.jpg,0
ISIC_0034051.jpg,0
ISIC_0033432.jpg,0
ISIC_0026120.jpg,0
ISIC_0032400.jpg,0
ISIC_0032726.jpg,0
ISIC_0028445.jpg,0
ISIC_0027306.jpg,0
ISIC_0026892.jpg,0
ISIC_0028489.jpg,0
ISIC_0034173.jpg,0
ISIC_0027300.jpg,0
ISIC_0026870.jpg,0
ISIC_0031186.jpg,0
ISIC_0024733.jpg,0
ISIC_0024972.jpg,0
ISIC_0026930.jpg,0
ISIC_0024449.jpg,0
ISIC_0026877.jpg,0
ISIC_0027776.jpg,0
ISIC_0025589.jpg,0
ISIC_0032698.jpg,0
ISIC_0032938.jpg,0
ISIC_0033643.jpg,0
ISIC_0029652.jpg,0
ISIC_0033905.jpg,0
ISIC_0034289.jpg,0
ISIC_0032955.jpg,0
ISIC_0033968.jpg,0
ISIC_0031377.jpg,0
ISIC_0028288.jpg,0
ISIC_0032903.jpg,0
ISIC_0030950.jpg,0
ISIC_0033500.jpg,0
ISIC_0029632.jpg,0
ISIC_0030060.jpg,0
ISIC_0030501.jpg,0
ISIC_0029081.jpg,0
ISIC_0033217.jpg,0
ISIC_0029370.jpg,0
ISIC_0031718.jpg,0
ISIC_0024545.jpg,0
ISIC_0033603.jpg,0
ISIC_0034172.jpg,0
ISIC_0030110.jpg,0
ISIC_0030031.jpg,0
ISIC_0033670.jpg,0
ISIC_0032544.jpg,0
ISIC_0029651.jpg,0
ISIC_0026774.jpg,0
ISIC_0028899.jpg,0
ISIC_0027261.jpg,0
ISIC_0028325.jpg,0
ISIC_0028548.jpg,0
ISIC_0030083.jpg,0
ISIC_0028764.jpg,0
ISIC_0034064.jpg,0
ISIC_0029473.jpg,0
ISIC_0031908.jpg,0
ISIC_0032879.jpg,0
ISIC_0029958.jpg,0
ISIC_0025391.jpg,0
ISIC_0028901.jpg,0
ISIC_0031709.jpg,0
ISIC_0025235.jpg,0
ISIC_0024739.jpg,0
ISIC_0025035.jpg,0
ISIC_0032095.jpg,0
ISIC_0026506.jpg,0
ISIC_0026996.jpg,0
ISIC_0033704.jpg,0
ISIC_0033320.jpg,0
ISIC_0032723.jpg,0
ISIC_0024537.jpg,0
ISIC_0033050.jpg,0
ISIC_0032569.jpg,0
ISIC_0025791.jpg,0
ISIC_0034012.jpg,0
ISIC_0033568.jpg,0
ISIC_0033198.jpg,0
ISIC_0028069.jpg,0
ISIC_0031479.jpg,0
ISIC_0033679.jpg,0
ISIC_0033479.jpg,0
ISIC_0027144.jpg,0
ISIC_0033261.jpg,0
ISIC_0029558.jpg,0
ISIC_0030970.jpg,0
ISIC_0027204.jpg,0
ISIC_0033302.jpg,0
ISIC_0032476.jpg,0
ISIC_0033819.jpg,0
ISIC_0031406.jpg,0
ISIC_0031310.jpg,0
ISIC_0025472.jpg,0
ISIC_0032313.jpg,0
ISIC_0032522.jpg,0
ISIC_0030995.jpg,0
ISIC_0029242.jpg,0
ISIC_0034170.jpg,0
ISIC_0033206.jpg,0
ISIC_0024333.jpg,0
ISIC_0031550.jpg,0
ISIC_0024918.jpg,0
ISIC_0028916.jpg,0
ISIC_0032509.jpg,0
ISIC_0029281.jpg,0
ISIC_0033518.jpg,0
ISIC_0031953.jpg,0
ISIC_0031417.jpg,0
ISIC_0025414.jpg,0
ISIC_0032630.jpg,0
ISIC_0024732.jpg,0
ISIC_0033594.jpg,0
ISIC_0033638.jpg,0
ISIC_0028114.jpg,0
ISIC_0026811.jpg,0
ISIC_0034061.jpg,0
ISIC_0032372.jpg,0
ISIC_0033323.jpg,0
ISIC_0024516.jpg,0
ISIC_0032812.jpg,0
ISIC_0029884.jpg,0
ISIC_0032537.jpg,0
ISIC_0034094.jpg,0
ISIC_0033668.jpg,0
ISIC_0033310.jpg,0
ISIC_0024932.jpg,0
ISIC_0029216.jpg,0
ISIC_0025814.jpg,0
ISIC_0031208.jpg,0
ISIC_0028211.jpg,0
ISIC_0025324.jpg,0
ISIC_0032913.jpg,0
ISIC_0033687.jpg,0
ISIC_0033831.jpg,0
ISIC_0032750.jpg,0
ISIC_0032564.jpg,0
ISIC_0033304.jpg,0
ISIC_0033324.jpg,0
ISIC_0026236.jpg,0
ISIC_0024688.jpg,0
ISIC_0027872.jpg,0
ISIC_0033953.jpg,0
ISIC_0031013.jpg,0
ISIC_0033710.jpg,0
ISIC_0026239.jpg,0
ISIC_0028361.jpg,0
ISIC_0024951.jpg,0
ISIC_0034233.jpg,0
ISIC_0031779.jpg,0
ISIC_0033440.jpg,0
ISIC_0034118.jpg,0
ISIC_0034132.jpg,0
ISIC_0032248.jpg,0
ISIC_0026950.jpg,0
ISIC_0026207.jpg,0
ISIC_0033337.jpg,0
ISIC_0033122.jpg,0
ISIC_0032511.jpg,0
ISIC_0032856.jpg,0
ISIC_0028051.jpg,0
ISIC_0032751.jpg,0
ISIC_0033399.jpg,0
ISIC_0029353.jpg,0
ISIC_0027263.jpg,0
ISIC_0034216.jpg,0
ISIC_0026475.jpg,0
ISIC_0028065.jpg,0
ISIC_0030521.jpg,0
ISIC_0026268.jpg,0
ISIC_0033129.jpg,0
ISIC_0032610.jpg,0
ISIC_0032070.jpg,0
ISIC_0032466.jpg,0
ISIC_0027604.jpg,0
ISIC_0034065.jpg,0
ISIC_0030080.jpg,0
ISIC_0030423.jpg,0
ISIC_0027100.jpg,0
ISIC_0031368.jpg,0
ISIC_0032968.jpg,0
ISIC_0025268.jpg,0
ISIC_0026352.jpg,0
ISIC_0027063.jpg,0
ISIC_0034262.jpg,0
ISIC_0034236.jpg,0
ISIC_0031957.jpg,0
ISIC_0030575.jpg,0
ISIC_0033636.jpg,0
ISIC_0026909.jpg,0
ISIC_0025550.jpg,0
ISIC_0031746.jpg,0
ISIC_0024546.jpg,0
ISIC_0033368.jpg,0
ISIC_0025663.jpg,0
ISIC_0027065.jpg,0
ISIC_0033099.jpg,0
ISIC_0032532.jpg,0
ISIC_0033393.jpg,0
ISIC_0028022.jpg,0
ISIC_0026745.jpg,0
ISIC_0032552.jpg,0
ISIC_0033630.jpg,0
ISIC_0032987.jpg,0
ISIC_0031557.jpg,0
ISIC_0033651.jpg,0
ISIC_0028709.jpg,0
ISIC_0033394.jpg,0
ISIC_0031545.jpg,0
ISIC_0027282.jpg,0
ISIC_0027669.jpg,0
ISIC_0028218.jpg,0
ISIC_0028493.jpg,0
ISIC_0033931.jpg,0
ISIC_0026516.jpg,0
ISIC_0033901.jpg,0
ISIC_0032918.jpg,0
ISIC_0033238.jpg,0
ISIC_0033662.jpg,0
ISIC_0032730.jpg,0
ISIC_0029319.jpg,0
ISIC_0028041.jpg,0
ISIC_0032936.jpg,0
ISIC_0030106.jpg,0
ISIC_0032220.jpg,0
ISIC_0031339.jpg,0
ISIC_0032219.jpg,0
ISIC_0033470.jpg,0
ISIC_0028127.jpg,0
ISIC_0033279.jpg,0
ISIC_0027021.jpg,0
ISIC_0033957.jpg,0
ISIC_0032269.jpg,0
ISIC_0033545.jpg,0
ISIC_0034159.jpg,0
ISIC_0032873.jpg,0
ISIC_0032046.jpg,0
ISIC_0032662.jpg,0
ISIC_0034145.jpg,0
ISIC_0033431.jpg,0
ISIC_0031118.jpg,0
ISIC_0029642.jpg,0
ISIC_0030512.jpg,0
ISIC_0034180.jpg,0
ISIC_0026158.jpg,0
ISIC_0034294.jpg,0
ISIC_0028898.jpg,0
ISIC_0025927.jpg,0
ISIC_0031369.jpg,0
ISIC_0025904.jpg,0
ISIC_0026430.jpg,0
ISIC_0033485.jpg,0
ISIC_0027043.jpg,0
ISIC_0032602.jpg,0
ISIC_0033644.jpg,0
ISIC_0025955.jpg,0
ISIC_0034202.jpg,0
ISIC_0032718.jpg,0
ISIC_0025363.jpg,0
ISIC_0033802.jpg,0
ISIC_0033526.jpg,0
ISIC_0025238.jpg,0
ISIC_0029740.jpg,0
ISIC_0027560.jpg,0
ISIC_0030032.jpg,0
ISIC_0034034.jpg,0
ISIC_0027651.jpg,0
ISIC_0033730.jpg,0
ISIC_0030119.jpg,0
ISIC_0024554.jpg,0
ISIC_0033336.jpg,0
ISIC_0026105.jpg,0
ISIC_0026622.jpg,0
ISIC_0032149.jpg,0
ISIC_0027517.jpg,0
ISIC_0033023.jpg,0
ISIC_0030443.jpg,0
ISIC_0034049.jpg,0
ISIC_0033362.jpg,0
ISIC_0025219.jpg,0
ISIC_0032970.jpg,0
ISIC_0034208.jpg,0
ISIC_0026045.jpg,0
ISIC_0033117.jpg,0
ISIC_0029780.jpg,0
ISIC_0034284.jpg,0
ISIC_0027407.jpg,0
ISIC_0032182.jpg,0
ISIC_0026360.jpg,0
ISIC_0033981.jpg,0
ISIC_0032927.jpg,0
ISIC_0033487.jpg,0
ISIC_0031586.jpg,0
ISIC_0026976.jpg,0
ISIC_0033245.jpg,0
ISIC_0027742.jpg,0
ISIC_0029909.jpg,0
ISIC_0028148.jpg,0
ISIC_0030129.jpg,0
ISIC_0028465.jpg,0
ISIC_0033193.jpg,0
ISIC_0031941.jpg,0
ISIC_0030623.jpg,0
ISIC_0026571.jpg,0
ISIC_0033805.jpg,0
ISIC_0027904.jpg,0
ISIC_0026131.jpg,0
ISIC_0027277.jpg,0
ISIC_0033269.jpg,0
ISIC_0033843.jpg,0
ISIC_0025964.jpg,0
ISIC_0029094.jpg,0
ISIC_0033286.jpg,0
ISIC_0034287.jpg,0
ISIC_0030277.jpg,0
ISIC_0033444.jpg,0
ISIC_0030223.jpg,0
ISIC_0027163.jpg,0
ISIC_0028773.jpg,0
ISIC_0033616.jpg,0
ISIC_0030291.jpg,1
ISIC_0024803.jpg,1
ISIC_0030860.jpg,1
ISIC_0033877.jpg,1
ISIC_0028979.jpg,1
ISIC_0029321.jpg,1
ISIC_0025125.jpg,1
ISIC_0024668.jpg,1
ISIC_0028551.jpg,1
ISIC_0024992.jpg,1
ISIC_0025764.jpg,1
ISIC_0032122.jpg,1
ISIC_0030977.jpg,1
ISIC_0032488.jpg,1
ISIC_0031589.jpg,1
ISIC_0026240.jpg,1
ISIC_0028251.jpg,1
ISIC_0031230.jpg,1
ISIC_0034032.jpg,1
ISIC_0030945.jpg,1
ISIC_0027757.jpg,1
ISIC_0026049.jpg,1
ISIC_0034217.jpg,1
ISIC_0026797.jpg,1
ISIC_0026822.jpg,1
ISIC_0032937.jpg,1
ISIC_0030967.jpg,1
ISIC_0029618.jpg,1
ISIC_0028817.jpg,1
ISIC_0030808.jpg,1
ISIC_0026925.jpg,1
ISIC_0029923.jpg,1
ISIC_0029305.jpg,1
ISIC_0025516.jpg,1
ISIC_0033098.jpg,1
ISIC_0033647.jpg,1
ISIC_0032540.jpg,1
ISIC_0029650.jpg,1
ISIC_0025852.jpg,1
ISIC_0024588.jpg,1
ISIC_0026543.jpg,1
ISIC_0027538.jpg,1
ISIC_0025855.jpg,1
ISIC_0031998.jpg,1
ISIC_0030023.jpg,1
ISIC_0026155.jpg,1
ISIC_0028387.jpg,1
ISIC_0029689.jpg,1
ISIC_0032994.jpg,1
ISIC_0028046.jpg,1
ISIC_0024945.jpg,1
ISIC_0033525.jpg,1
ISIC_0026322.jpg,1
ISIC_0029105.jpg,1
ISIC_0029153.jpg,1
ISIC_0031572.jpg,1
ISIC_0028985.jpg,1
ISIC_0031096.jpg,1
ISIC_0027242.jpg,1
ISIC_0032357.jpg,1
ISIC_0032904.jpg,1
ISIC_0024322.jpg,1
ISIC_0029658.jpg,1
ISIC_0029361.jpg,1
ISIC_0024793.jpg,1
ISIC_0025679.jpg,1
ISIC_0027464.jpg,1
ISIC_0025475.jpg,1
ISIC_0030269.jpg,1
ISIC_0032755.jpg,1
ISIC_0025541.jpg,1
ISIC_0030253.jpg,1
ISIC_0026946.jpg,1
ISIC_0030548.jpg,1
ISIC_0027657.jpg,1
ISIC_0030776.jpg,1
ISIC_0026636.jpg,1
ISIC_0029277.jpg,1
ISIC_0025615.jpg,1
ISIC_0029140.jpg,1
ISIC_0024868.jpg,1
ISIC_0030466.jpg,1
ISIC_0029245.jpg,1
ISIC_0025262.jpg,1
ISIC_0024986.jpg,1
ISIC_0033297.jpg,1
ISIC_0026896.jpg,1
ISIC_0032729.jpg,1
ISIC_0030415.jpg,1
ISIC_0029204.jpg,1
ISIC_0028571.jpg,1
ISIC_0030451.jpg,1
ISIC_0028852.jpg,1
ISIC_0026491.jpg,1
ISIC_0032871.jpg,1
ISIC_0024960.jpg,1
ISIC_0027923.jpg,1
ISIC_0025139.jpg,1
ISIC_0030115.jpg,1
ISIC_0024585.jpg,1
ISIC_0027276.jpg,1
ISIC_0032644.jpg,1
ISIC_0029850.jpg,1
ISIC_0030777.jpg,1
ISIC_0030865.jpg,1
ISIC_0029795.jpg,1
ISIC_0028474.jpg,1
ISIC_0030205.jpg,1
ISIC_0029149.jpg,1
ISIC_0032231.jpg,1
ISIC_0033147.jpg,1
ISIC_0029205.jpg,1
ISIC_0024764.jpg,1
ISIC_0027503.jpg,1
ISIC_0026136.jpg,1
ISIC_0031353.jpg,1
ISIC_0025979.jpg,1
ISIC_0034237.jpg,1
ISIC_0024617.jpg,1
ISIC_0029825.jpg,1
ISIC_0033922.jpg,1
ISIC_0027183.jpg,1
ISIC_0031536.jpg,1
ISIC_0032786.jpg,1
ISIC_0030348.jpg,1
ISIC_0027312.jpg,1
ISIC_0025672.jpg,1
ISIC_0029762.jpg,1
ISIC_0033929.jpg,1
ISIC_0025614.jpg,1
ISIC_0025914.jpg,1
ISIC_0030817.jpg,1
ISIC_0026612.jpg,1
ISIC_0030577.jpg,1
ISIC_0031559.jpg,1
ISIC_0024637.jpg,1
ISIC_0028776.jpg,1
ISIC_0033845.jpg,1
ISIC_0027938.jpg,1
ISIC_0030633.jpg,1
ISIC_0028179.jpg,1
ISIC_0025355.jpg,1
ISIC_0029356.jpg,1
ISIC_0031251.jpg,1
ISIC_0030179.jpg,1
ISIC_0027209.jpg,1
ISIC_0032771.jpg,1
ISIC_0025740.jpg,1
ISIC_0027085.jpg,1
ISIC_0033712.jpg,1
ISIC_0024804.jpg,1
ISIC_0031546.jpg,1
ISIC_0025344.jpg,1
ISIC_0030116.jpg,1
ISIC_0030597.jpg,1
ISIC_0029774.jpg,1
ISIC_0025220.jpg,1
ISIC_0034055.jpg,1
ISIC_0025191.jpg,1
ISIC_0033935.jpg,1
ISIC_0027777.jpg,1
ISIC_0030499.jpg,1
ISIC_0026673.jpg,1
ISIC_0029862.jpg,1
ISIC_0027429.jpg,1
ISIC_0030569.jpg,1
ISIC_0032954.jpg,1
ISIC_0027424.jpg,1
ISIC_0026624.jpg,1
ISIC_0032119.jpg,1
ISIC_0029688.jpg,1
ISIC_0029121.jpg,1
ISIC_0027267.jpg,1
ISIC_0028060.jpg,1
ISIC_0031875.jpg,1
ISIC_0026748.jpg,1
ISIC_0026182.jpg,1
ISIC_0026964.jpg,1
ISIC_0033179.jpg,1
ISIC_0031032.jpg,1
ISIC_0028911.jpg,1
ISIC_0028649.jpg,1
ISIC_0025884.jpg,1
ISIC_0028778.jpg,1
ISIC_0031220.jpg,1
ISIC_0030248.jpg,1
ISIC_0033237.jpg,1
ISIC_0025991.jpg,1
ISIC_0025812.jpg,1
ISIC_0031983.jpg,1
ISIC_0025649.jpg,1
ISIC_0032121.jpg,1
ISIC_0034073.jpg,1
ISIC_0034200.jpg,1
ISIC_0025441.jpg,1
ISIC_0031734.jpg,1
ISIC_0027945.jpg,1
ISIC_0027748.jpg,1
ISIC_0029306.jpg,1
ISIC_0030554.jpg,1
ISIC_0032340.jpg,1
ISIC_0031427.jpg,1
ISIC_0033840.jpg,1
ISIC_0028783.jpg,1
ISIC_0029376.jpg,1
ISIC_0026752.jpg,1
ISIC_0028421.jpg,1
ISIC_0032573.jpg,1
ISIC_0025821.jpg,1
ISIC_0033549.jpg,1
ISIC_0028422.jpg,1
ISIC_0026001.jpg,1
ISIC_0033228.jpg,1
ISIC_0034286.jpg,1
ISIC_0031493.jpg,1
ISIC_0031607.jpg,1
ISIC_0025424.jpg,1
ISIC_0026269.jpg,1
ISIC_0032218.jpg,1
ISIC_0030163.jpg,1
ISIC_0026137.jpg,1
ISIC_0032549.jpg,1
ISIC_0028330.jpg,1
ISIC_0027701.jpg,1
ISIC_0027596.jpg,1
ISIC_0031627.jpg,1
ISIC_0033815.jpg,1
ISIC_0030485.jpg,1
ISIC_0024950.jpg,1
ISIC_0032137.jpg,1
ISIC_0029442.jpg,1
ISIC_0030923.jpg,1
ISIC_0030920.jpg,1
ISIC_0025671.jpg,1
ISIC_0025563.jpg,1
ISIC_0028516.jpg,1
ISIC_0025353.jpg,1
ISIC_0027808.jpg,1
ISIC_0030854.jpg,1
ISIC_0032108.jpg,1
ISIC_0024524.jpg,1
ISIC_0026010.jpg,1
ISIC_0033537.jpg,1
ISIC_0033289.jpg,1
ISIC_0033926.jpg,1
ISIC_0029717.jpg,1
ISIC_0033751.jpg,1
ISIC_0028396.jpg,1
ISIC_0029072.jpg,1
ISIC_0024357.jpg,1
ISIC_0030741.jpg,1
ISIC_0024578.jpg,1
ISIC_0030839.jpg,1
ISIC_0032032.jpg,1
ISIC_0031737.jpg,1
ISIC_0024796.jpg,1
ISIC_0026686.jpg,1
ISIC_0031115.jpg,1
ISIC_0030492.jpg,1
ISIC_0031052.jpg,1
ISIC_0028811.jpg,1
ISIC_0027284.jpg,1
ISIC_0026708.jpg,1
ISIC_0029174.jpg,1
ISIC_0024922.jpg,1
ISIC_0034136.jpg,1
ISIC_0030182.jpg,1
ISIC_0028829.jpg,1
ISIC_0030025.jpg,1
ISIC_0031883.jpg,1
ISIC_0033821.jpg,1
ISIC_0031038.jpg,1
ISIC_0026518.jpg,1
ISIC_0025865.jpg,1
ISIC_0031616.jpg,1
ISIC_0028580.jpg,1
ISIC_0026474.jpg,1
ISIC_0033920.jpg,1
ISIC_0025704.jpg,1
ISIC_0026710.jpg,1
ISIC_0025523.jpg,1
ISIC_0028657.jpg,1
ISIC_0031849.jpg,1
ISIC_0024769.jpg,1
ISIC_0025988.jpg,1
ISIC_0030125.jpg,1
ISIC_0030888.jpg,1
ISIC_0032772.jpg,1
ISIC_0031388.jpg,1
ISIC_0025990.jpg,1
ISIC_0027849.jpg,1
ISIC_0032142.jpg,1
ISIC_0024391.jpg,1
ISIC_0028074.jpg,1
ISIC_0033719.jpg,1
ISIC_0031183.jpg,1
ISIC_0031917.jpg,1
ISIC_0025898.jpg,1
ISIC_0033994.jpg,1
ISIC_0024862.jpg,1
ISIC_0027412.jpg,1
ISIC_0029313.jpg,1
ISIC_0032849.jpg,1
ISIC_0031363.jpg,1
ISIC_0031628.jpg,1
ISIC_0033972.jpg,1
ISIC_0029605.jpg,1
ISIC_0032880.jpg,1
ISIC_0031437.jpg,1
ISIC_0024685.jpg,1
ISIC_0031794.jpg,1
ISIC_0025354.jpg,1
ISIC_0029653.jpg,1
ISIC_0024499.jpg,1
ISIC_0030904.jpg,1
ISIC_0030570.jpg,1
ISIC_0029185.jpg,1
ISIC_0026165.jpg,1
ISIC_0033516.jpg,1
ISIC_0026882.jpg,1
ISIC_0028068.jpg,1
ISIC_0030075.jpg,1
ISIC_0031923.jpg,1
ISIC_0030535.jpg,1
ISIC_0029298.jpg,1
ISIC_0027104.jpg,1
ISIC_0032738.jpg,1
ISIC_0030368.jpg,1
ISIC_0029565.jpg,1
ISIC_0024912.jpg,1
ISIC_0034231.jpg,1
ISIC_0029874.jpg,1
ISIC_0033445.jpg,1
ISIC_0024879.jpg,1
ISIC_0028942.jpg,1
ISIC_0033530.jpg,1
ISIC_0033255.jpg,1
ISIC_0024983.jpg,1
ISIC_0027918.jpg,1
ISIC_0029798.jpg,1
ISIC_0024605.jpg,1
ISIC_0024953.jpg,1
ISIC_0028138.jpg,1
ISIC_0029704.jpg,1
ISIC_0030340.jpg,1
ISIC_0032912.jpg,1
ISIC_0030541.jpg,1
ISIC_0028951.jpg,1
ISIC_0029723.jpg,1
ISIC_0031455.jpg,1
ISIC_0026221.jpg,1
ISIC_0027271.jpg,1
ISIC_0029336.jpg,1
ISIC_0028098.jpg,1
ISIC_0025667.jpg,1
ISIC_0028890.jpg,2
ISIC_0028653.jpg,2
ISIC_0027631.jpg,2
ISIC_0029545.jpg,2
ISIC_0027117.jpg,2
ISIC_0034223.jpg,2
ISIC_0026118.jpg,2
ISIC_0024472.jpg,2
ISIC_0027595.jpg,2
ISIC_0029192.jpg,2
ISIC_0027297.jpg,2
ISIC_0034161.jpg,2
ISIC_0027281.jpg,2
ISIC_0033575.jpg,2
ISIC_0032225.jpg,2
ISIC_0024564.jpg,2
ISIC_0028085.jpg,2
ISIC_0031095.jpg,2
ISIC_0030271.jpg,2
ISIC_0027371.jpg,2
ISIC_0027531.jpg,2
ISIC_0024673.jpg,2
ISIC_0027525.jpg,2
ISIC_0026968.jpg,2
ISIC_0027825.jpg,2
ISIC_0029466.jpg,2
ISIC_0024457.jpg,2
ISIC_0027473.jpg,2
ISIC_0030261.jpg,2
ISIC_0028652.jpg,2
ISIC_0025509.jpg,2
ISIC_0033271.jpg,2
ISIC_0034119.jpg,2
ISIC_0025564.jpg,2
ISIC_0026343.jpg,2
ISIC_0024573.jpg,2
ISIC_0026442.jpg,2
ISIC_0026978.jpg,2
ISIC_0031986.jpg,2
ISIC_0031263.jpg,2
ISIC_0034299.jpg,2
ISIC_0027546.jpg,2
ISIC_0028818.jpg,2
ISIC_0030511.jpg,2
ISIC_0032741.jpg,2
ISIC_0026282.jpg,2
ISIC_0026831.jpg,2
ISIC_0029034.jpg,2
ISIC_0029899.jpg,2
ISIC_0029755.jpg,2
ISIC_0024595.jpg,2
ISIC_0032132.jpg,2
ISIC_0026845.jpg,2
ISIC_0026668.jpg,2
ISIC_0024799.jpg,2
ISIC_0029917.jpg,2
ISIC_0024403.jpg,2
ISIC_0025940.jpg,2
ISIC_0031007.jpg,2
ISIC_0031009.jpg,2
ISIC_0029805.jpg,2
ISIC_0028035.jpg,2
ISIC_0027865.jpg,2
ISIC_0032991.jpg,2
ISIC_0034093.jpg,2
ISIC_0032415.jpg,2
ISIC_0029035.jpg,2
ISIC_0031489.jpg,2
ISIC_0030782.jpg,2
ISIC_0025932.jpg,2
ISIC_0029539.jpg,2
ISIC_0026213.jpg,2
ISIC_0031697.jpg,2
ISIC_0030766.jpg,2
ISIC_0025513.jpg,2
ISIC_0033609.jpg,2
ISIC_0026496.jpg,2
ISIC_0033979.jpg,2
ISIC_0027677.jpg,2
ISIC_0027609.jpg,2
ISIC_0028113.jpg,2
ISIC_0030746.jpg,2
ISIC_0028238.jpg,2
ISIC_0031154.jpg,2
ISIC_0026192.jpg,2
ISIC_0027425.jpg,2
ISIC_0024666.jpg,2
ISIC_0030197.jpg,2
ISIC_0027544.jpg,2
ISIC_0033205.jpg,2
ISIC_0030800.jpg,2
ISIC_0027526.jpg,2
ISIC_0033747.jpg,2
ISIC_0025301.jpg,2
ISIC_0033372.jpg,2
ISIC_0030352.jpg,2
ISIC_0029647.jpg,2
ISIC_0027915.jpg,2
ISIC_0029524.jpg,2
ISIC_0025691.jpg,2
ISIC_0031721.jpg,2
ISIC_0024360.jpg,2
ISIC_0028577.jpg,2
ISIC_0031378.jpg,2
ISIC_0032461.jpg,2
ISIC_0028329.jpg,2
ISIC_0024590.jpg,2
ISIC_0024411.jpg,2
ISIC_0031470.jpg,2
ISIC_0030010.jpg,2
ISIC_0025630.jpg,2
ISIC_0030114.jpg,2
ISIC_0026865.jpg,2
ISIC_0025700.jpg,2
ISIC_0028568.jpg,2
ISIC_0024795.jpg,2
ISIC_0026117.jpg,2
ISIC_0025322.jpg,2
ISIC_0024461.jpg,2
ISIC_0028815.jpg,2
ISIC_0027998.jpg,2
ISIC_0024345.jpg,2
ISIC_0032652.jpg,2
ISIC_0031026.jpg,2
ISIC_0033146.jpg,2
ISIC_0032022.jpg,2
ISIC_0024665.jpg,2
ISIC_0029392.jpg,2
ISIC_0030954.jpg,2
ISIC_0025971.jpg,2
ISIC_0032307.jpg,2
ISIC_0032906.jpg,2
ISIC_0031169.jpg,2
ISIC_0028106.jpg,2
ISIC_0025530.jpg,2
ISIC_0031171.jpg,2
ISIC_0028877.jpg,2
ISIC_0030181.jpg,2
ISIC_0024504.jpg,2
ISIC_0030514.jpg,2
ISIC_0025102.jpg,2
ISIC_0031294.jpg,2
ISIC_0030737.jpg,2
ISIC_0029489.jpg,2
ISIC_0029564.jpg,2
ISIC_0032030.jpg,2
ISIC_0030528.jpg,2
ISIC_0027722.jpg,2
ISIC_0026760.jpg,2
ISIC_0029680.jpg,2
ISIC_0034155.jpg,2
ISIC_0026321.jpg,2
ISIC_0033468.jpg,2
ISIC_0034160.jpg,2
ISIC_0031166.jpg,2
ISIC_0033019.jpg,2
ISIC_0031122.jpg,2
ISIC_0026439.jpg,2
ISIC_0034123.jpg,2
ISIC_0027365.jpg,2
ISIC_0030403.jpg,2
ISIC_0032061.jpg,2
ISIC_0032808.jpg,2
ISIC_0028671.jpg,2
ISIC_0026350.jpg,2
ISIC_0031243.jpg,2
ISIC_0024885.jpg,2
ISIC_0033354.jpg,2
ISIC_0031614.jpg,2
ISIC_0025584.jpg,2
ISIC_0027774.jpg,2
ISIC_0026952.jpg,2
ISIC_0031400.jpg,2
ISIC_0031413.jpg,2
ISIC_0026995.jpg,2
ISIC_0032768.jpg,2
ISIC_0031057.jpg,2
ISIC_0030249.jpg,2
ISIC_0024332.jpg,2
ISIC_0025600.jpg,2
ISIC_0032174.jpg,2
ISIC_0030712.jpg,2
ISIC_0030446.jpg,2
ISIC_0024436.jpg,2
ISIC_0031651.jpg,2
ISIC_0025031.jpg,2
ISIC_0028168.jpg,2
ISIC_0030452.jpg,2
ISIC_0031728.jpg,2
ISIC_0027629.jpg,2
ISIC_0033257.jpg,2
ISIC_0034066.jpg,2
ISIC_0032777.jpg,2
ISIC_0026056.jpg,2
ISIC_0028728.jpg,2
ISIC_0029747.jpg,2
ISIC_0032834.jpg,2
ISIC_0034047.jpg,2
ISIC_0024634.jpg,2
ISIC_0024443.jpg,2
ISIC_0025644.jpg,2
ISIC_0033571.jpg,2
ISIC_0031450.jpg,2
ISIC_0027744.jpg,2
ISIC_0028283.jpg,2
ISIC_0029779.jpg,2
ISIC_0026230.jpg,2
ISIC_0032850.jpg,2
ISIC_0031569.jpg,2
ISIC_0027966.jpg,2
ISIC_0031266.jpg,2
ISIC_0025617.jpg,2
ISIC_0032414.jpg,2
ISIC_0027478.jpg,2
ISIC_0029515.jpg,2
ISIC_0031597.jpg,2
ISIC_0031245.jpg,2
ISIC_0029644.jpg,2
ISIC_0031442.jpg,2
ISIC_0034306.jpg,2
ISIC_0025144.jpg,2
ISIC_0030659.jpg,2
ISIC_0028059.jpg,2
ISIC_0031585.jpg,2
ISIC_0030813.jpg,2
ISIC_0030893.jpg,2
ISIC_0028858.jpg,2
ISIC_0030690.jpg,2
ISIC_0033666.jpg,2
ISIC_0033054.jpg,2
ISIC_0027090.jpg,2
ISIC_0027759.jpg,2
ISIC_0027846.jpg,2
ISIC_0024931.jpg,2
ISIC_0028807.jpg,2
ISIC_0034276.jpg,2
ISIC_0029856.jpg,2
ISIC_0029669.jpg,2
ISIC_0026433.jpg,2
ISIC_0031531.jpg,2
ISIC_0027057.jpg,2
ISIC_0026090.jpg,2
ISIC_0031789.jpg,2
ISIC_0028486.jpg,2
ISIC_0027058.jpg,2
ISIC_0029323.jpg,2
ISIC_0031526.jpg,2
ISIC_0027675.jpg,2
ISIC_0032696.jpg,2
ISIC_0029201.jpg,2
ISIC_0029974.jpg,2
ISIC_0026324.jpg,2
ISIC_0028107.jpg,2
ISIC_0033551.jpg,2
ISIC_0028978.jpg,2
ISIC_0029129.jpg,2
ISIC_0026154.jpg,2
ISIC_0025285.jpg,2
ISIC_0026275.jpg,2
ISIC_0024448.jpg,2
ISIC_0028303.jpg,2
ISIC_0030233.jpg,2
ISIC_0028079.jpg,2
ISIC_0032164.jpg,2
ISIC_0032384.jpg,2
ISIC_0025266.jpg,2
ISIC_0031640.jpg,2
ISIC_0031236.jpg,2
ISIC_0032146.jpg,2
ISIC_0030915.jpg,2
ISIC_0027046.jpg,2
ISIC_0029745.jpg,2
ISIC_0026074.jpg,2
ISIC_0029220.jpg,2
ISIC_0024833.jpg,2
ISIC_0029342.jpg,2
ISIC_0027786.jpg,2
ISIC_0027814.jpg,2
ISIC_0024848.jpg,2
ISIC_0032482.jpg,2
ISIC_0032185.jpg,2
ISIC_0025975.jpg,2
ISIC_0028495.jpg,2
ISIC_0028814.jpg,2
ISIC_0025826.jpg,2
ISIC_0025793.jpg,2
ISIC_0029082.jpg,2
ISIC_0030687.jpg,2
ISIC_0026940.jpg,2
ISIC_0031836.jpg,2
ISIC_0030177.jpg,2
ISIC_0025718.jpg,2
ISIC_0032611.jpg,2
ISIC_0030526.jpg,2
ISIC_0032139.jpg,2
ISIC_0030314.jpg,2
ISIC_0024582.jpg,2
ISIC_0032314.jpg,2
ISIC_0024743.jpg,2
ISIC_0028155.jpg,2
ISIC_0028980.jpg,2
ISIC_0028739.jpg,2
ISIC_0029352.jpg,2
ISIC_0032536.jpg,2
ISIC_0031225.jpg,2
ISIC_0026766.jpg,2
ISIC_0026091.jpg,2
ISIC_0031925.jpg,2
ISIC_0027135.jpg,2
ISIC_0027819.jpg,2
ISIC_0029331.jpg,2
ISIC_0032302.jpg,2
ISIC_0033001.jpg,2
ISIC_0029546.jpg,2
ISIC_0027175.jpg,2
ISIC_0026855.jpg,2
ISIC_0029847.jpg,2
ISIC_0024432.jpg,2
ISIC_0032497.jpg,2
ISIC_0032727.jpg,2
ISIC_0029951.jpg,2
ISIC_0025417.jpg,2
ISIC_0024550.jpg,2
ISIC_0032092.jpg,2
ISIC_0028084.jpg,2
ISIC_0031643.jpg,2
ISIC_0030339.jpg,2
ISIC_0030096.jpg,2
ISIC_0030145.jpg,2
ISIC_0026970.jpg,2
ISIC_0032799.jpg,2
ISIC_0029372.jpg,2
ISIC_0024331.jpg,2
ISIC_0029655.jpg,2
ISIC_0024949.jpg,2
ISIC_0031407.jpg,2
ISIC_0026453.jpg,2
ISIC_0030767.jpg,2
ISIC_0029123.jpg,2
ISIC_0033499.jpg,2
ISIC_0029412.jpg,2
ISIC_0025260.jpg,2
ISIC_0027920.jpg,2
ISIC_0030755.jpg,2
ISIC_0028583.jpg,2
ISIC_0025433.jpg,2
ISIC_0031513.jpg,2
ISIC_0031284.jpg,2
ISIC_0026574.jpg,2
ISIC_0029020.jpg,2
ISIC_0027146.jpg,2
ISIC_0024787.jpg,2
ISIC_0028050.jpg,2
ISIC_0024572.jpg,2
ISIC_0026625.jpg,3
ISIC_0030076.jpg,3
ISIC_0030341.jpg,3
ISIC_0029930.jpg,3
ISIC_0029549.jpg,3
ISIC_0031012.jpg,3
ISIC_0030491.jpg,3
ISIC_0024923.jpg,3
ISIC_0029563.jpg,3
ISIC_0028619.jpg,3
ISIC_0031692.jpg,3
ISIC_0030794.jpg,3
ISIC_0031381.jpg,3
ISIC_0033705.jpg,3
ISIC_0031743.jpg,3
ISIC_0033456.jpg,3
ISIC_0030655.jpg,3
ISIC_0031431.jpg,3
ISIC_0031922.jpg,3
ISIC_0027930.jpg,3
ISIC_0030344.jpg,3
ISIC_0025803.jpg,3
ISIC_0029371.jpg,3
ISIC_0024843.jpg,3
ISIC_0025808.jpg,3
ISIC_0027231.jpg,3
ISIC_0024418.jpg,3
ISIC_0033811.jpg,3
ISIC_0033494.jpg,3
ISIC_0029417.jpg,3
ISIC_0027084.jpg,3
ISIC_0025712.jpg,3
ISIC_0030297.jpg,3
ISIC_0027829.jpg,3
ISIC_0028517.jpg,3
ISIC_0025811.jpg,3
ISIC_0025577.jpg,3
ISIC_0029309.jpg,3
ISIC_0028820.jpg,3
ISIC_0027678.jpg,3
ISIC_0032238.jpg,3
ISIC_0030487.jpg,3
ISIC_0030844.jpg,3
ISIC_0032422.jpg,3
ISIC_0025790.jpg,3
ISIC_0030133.jpg,3
ISIC_0029462.jpg,3
ISIC_0032173.jpg,3
ISIC_0029830.jpg,3
ISIC_0028941.jpg,3
ISIC_0027588.jpg,3
ISIC_0026549.jpg,3
ISIC_0026388.jpg,3
ISIC_0031040.jpg,3
ISIC_0028063.jpg,3
ISIC_0025780.jpg,3
ISIC_0030986.jpg,3
ISIC_0027294.jpg,3
ISIC_0031119.jpg,3
ISIC_0028659.jpg,3
ISIC_0025029.jpg,3
ISIC_0026522.jpg,3
ISIC_0031940.jpg,3
ISIC_0026729.jpg,3
ISIC_0032397.jpg,3
ISIC_0029541.jpg,3
ISIC_0027884.jpg,3
ISIC_0026857.jpg,3
ISIC_0024575.jpg,3
ISIC_0028795.jpg,3
ISIC_0029533.jpg,3
ISIC_0027802.jpg,3
ISIC_0030953.jpg,3
ISIC_0028499.jpg,3
ISIC_0025831.jpg,3
ISIC_0029059.jpg,3
ISIC_0030142.jpg,3
ISIC_0028816.jpg,3
ISIC_0025350.jpg,3
ISIC_0027896.jpg,3
ISIC_0031191.jpg,3
ISIC_0025427.jpg,3
ISIC_0029315.jpg,3
ISIC_0026575.jpg,3
ISIC_0027795.jpg,3
ISIC_0026149.jpg,3
ISIC_0029781.jpg,3
ISIC_0027172.jpg,3
ISIC_0028076.jpg,3
ISIC_0025264.jpg,3
ISIC_0031211.jpg,3
ISIC_0026981.jpg,3
ISIC_0026083.jpg,3
ISIC_0027668.jpg,3
ISIC_0031335.jpg,3
ISIC_0028158.jpg,3
ISIC_0027343.jpg,3
ISIC_0029043.jpg,3
ISIC_0029638.jpg,3
ISIC_0026492.jpg,3
ISIC_0027506.jpg,3
ISIC_0026014.jpg,3
ISIC_0032371.jpg,3
ISIC_0031874.jpg,3
ISIC_0031108.jpg,3
ISIC_0030826.jpg,3
ISIC_0028232.jpg,3
ISIC_0030175.jpg,3
ISIC_0030245.jpg,3
ISIC_0025089.jpg,3
ISIC_0027577.jpg,3
ISIC_0026927.jpg,3
ISIC_0024468.jpg,3
ISIC_0026645.jpg,3
ISIC_0026319.jpg,3
ISIC_0026702.jpg,3
ISIC_0024539.jpg,3
ISIC_0027254.jpg,3
ISIC_0032854.jpg,3
ISIC_0028644.jpg,3
ISIC_0026650.jpg,3
ISIC_0027615.jpg,3
ISIC_0029598.jpg,3
ISIC_0026984.jpg,3
ISIC_0026212.jpg,3
ISIC_0027529.jpg,3
ISIC_0024654.jpg,3
ISIC_0027550.jpg,3
ISIC_0032404.jpg,3
ISIC_0031430.jpg,3
ISIC_0025331.jpg,3
ISIC_0027047.jpg,3
ISIC_0030825.jpg,3
ISIC_0029659.jpg,3
ISIC_0029041.jpg,3
ISIC_0026848.jpg,3
ISIC_0024948.jpg,3
ISIC_0031659.jpg,3
ISIC_0033084.jpg,3
ISIC_0024522.jpg,3
ISIC_0025825.jpg,3
ISIC_0029362.jpg,3
ISIC_0028190.jpg,3
ISIC_0025953.jpg,3
ISIC_0026362.jpg,3
ISIC_0030785.jpg,3
ISIC_0025948.jpg,3
ISIC_0025130.jpg,3
ISIC_0031044.jpg,3
ISIC_0030714.jpg,3
ISIC_0032947.jpg,3
ISIC_0025539.jpg,3
ISIC_0030549.jpg,3
ISIC_0033358.jpg,3
ISIC_0027650.jpg,3
ISIC_0027767.jpg,3
ISIC_0027303.jpg,3
ISIC_0029025.jpg,3
ISIC_0029500.jpg,3
ISIC_0029210.jpg,3
ISIC_0026040.jpg,3
ISIC_0028372.jpg,3
ISIC_0026626.jpg,3
ISIC_0028370.jpg,3
ISIC_0030375.jpg,3
ISIC_0026194.jpg,3
ISIC_0027562.jpg,3
ISIC_0027334.jpg,3
ISIC_0031570.jpg,3
ISIC_0026905.jpg,3
ISIC_0027580.jpg,3
ISIC_0026171.jpg,3
ISIC_0029567.jpg,3
ISIC_0029851.jpg,3
ISIC_0025957.jpg,3
ISIC_0029932.jpg,3
ISIC_0029811.jpg,3
ISIC_0031506.jpg,3
ISIC_0025696.jpg,3
ISIC_0031738.jpg,3
ISIC_0031578.jpg,3
ISIC_0028854.jpg,3
ISIC_0029067.jpg,3
ISIC_0030602.jpg,3
ISIC_0030408.jpg,3
ISIC_0032154.jpg,3
ISIC_0024771.jpg,3
ISIC_0025069.jpg,3
ISIC_0033413.jpg,3
ISIC_0033536.jpg,3
ISIC_0029915.jpg,3
ISIC_0026132.jpg,3
ISIC_0026468.jpg,3
ISIC_0030707.jpg,3
ISIC_0033869.jpg,3
ISIC_0032437.jpg,3
ISIC_0028314.jpg,3
ISIC_0029715.jpg,3
ISIC_0031852.jpg,3
ISIC_0029860.jpg,3
ISIC_0030191.jpg,3
ISIC_0029279.jpg,3
ISIC_0027958.jpg,3
ISIC_0024511.jpg,3
ISIC_0031286.jpg,3
ISIC_0033550.jpg,3
ISIC_0029840.jpg,3
ISIC_0027447.jpg,3
ISIC_0033295.jpg,3
ISIC_0024372.jpg,3
ISIC_0028132.jpg,3
ISIC_0024579.jpg,3
ISIC_0029268.jpg,3
ISIC_0026525.jpg,3
ISIC_0032199.jpg,3
ISIC_0024517.jpg,3
ISIC_0032897.jpg,3
ISIC_0024913.jpg,3
ISIC_0027536.jpg,3
ISIC_0031823.jpg,3
ISIC_0028224.jpg,3
ISIC_0026457.jpg,3
ISIC_0025319.jpg,3
ISIC_0031929.jpg,3
ISIC_0030586.jpg,3
ISIC_0024800.jpg,3
ISIC_0028558.jpg,3
ISIC_0024946.jpg,3
ISIC_0026709.jpg,3
ISIC_0026100.jpg,3
ISIC_0026765.jpg,3
ISIC_0027753.jpg,3
ISIC_0024562.jpg,3
ISIC_0029573.jpg,3
ISIC_0025471.jpg,3
ISIC_0026178.jpg,3
ISIC_0029460.jpg,3
ISIC_0025992.jpg,3
ISIC_0025605.jpg,3
ISIC_0030591.jpg,3
ISIC_0025637.jpg,3
ISIC_0026466.jpg,3
ISIC_0024646.jpg,3
ISIC_0030387.jpg,3
ISIC_0027950.jpg,3
ISIC_0028763.jpg,3
ISIC_0029141.jpg,3
ISIC_0032329.jpg,3
ISIC_0030158.jpg,3
ISIC_0027708.jpg,3
ISIC_0031043.jpg,3
ISIC_0026411.jpg,3
ISIC_0026152.jpg,3
ISIC_0031421.jpg,3
ISIC_0025368.jpg,3
ISIC_0029900.jpg,3
ISIC_0032277.jpg,3
ISIC_0024329.jpg,3
ISIC_0030730.jpg,3
ISIC_0029713.jpg,3
ISIC_0025247.jpg,3
ISIC_0032455.jpg,3
ISIC_0025196.jpg,3
ISIC_0024710.jpg,3
ISIC_0031198.jpg,3
ISIC_0033866.jpg,3
ISIC_0024470.jpg,3
ISIC_0026872.jpg,3
ISIC_0024763.jpg,3
ISIC_0026206.jpg,3
ISIC_0030821.jpg,3
ISIC_0028872.jpg,3
ISIC_0027700.jpg,3
ISIC_0026720.jpg,3
ISIC_0031228.jpg,3
ISIC_0030803.jpg,3
ISIC_0032014.jpg,3
ISIC_0032356.jpg,3
ISIC_0031927.jpg,3
ISIC_0028381.jpg,3
ISIC_0028393.jpg,3
ISIC_0029634.jpg,3
ISIC_0028990.jpg,3
ISIC_0029582.jpg,3
ISIC_0032135.jpg,3
ISIC_0032349.jpg,3
ISIC_0025411.jpg,3
ISIC_0031918.jpg,3
ISIC_0026327.jpg,3
ISIC_0029610.jpg,3
ISIC_0029002.jpg,3
ISIC_0026992.jpg,3
ISIC_0027184.jpg,3
ISIC_0026203.jpg,3
ISIC_0024450.jpg,3
ISIC_0030991.jpg,3
ISIC_0029133.jpg,3
ISIC_0031292.jpg,3
ISIC_0027178.jpg,3
ISIC_0024463.jpg,3
ISIC_0030036.jpg,3
ISIC_0029827.jpg,3
ISIC_0028231.jpg,3
ISIC_0029360.jpg,3
ISIC_0026138.jpg,3
ISIC_0030280.jpg,3
ISIC_0030463.jpg,3
ISIC_0027719.jpg,3
ISIC_0024707.jpg,3
ISIC_0030877.jpg,3
ISIC_0031609.jpg,3
ISIC_0027452.jpg,3
ISIC_0025358.jpg,3
ISIC_0028730.jpg,3
ISIC_0030143.jpg,3
ISIC_0024925.jpg,3
ISIC_0031672.jpg,3
ISIC_0030242.jpg,3
ISIC_0025178.jpg,3
ISIC_0028335.jpg,3
ISIC_0032203.jpg,3
ISIC_0030827.jpg,3
ISIC_0032206.jpg,3
ISIC_0033000.jpg,3
ISIC_0025182.jpg,3
ISIC_0033151.jpg,3
ISIC_0031993.jpg,3
ISIC_0032358.jpg,4
ISIC_0028977.jpg,4
ISIC_0028123.jpg,4
ISIC_0026843.jpg,4
ISIC_0026895.jpg,4
ISIC_0026728.jpg,4
ISIC_0026481.jpg,4
ISIC_0028750.jpg,4
ISIC_0029232.jpg,4
ISIC_0029612.jpg,4
ISIC_0028308.jpg,4
ISIC_0029791.jpg,4
ISIC_0032325.jpg,4
ISIC_0031619.jpg,4
ISIC_0031519.jpg,4
ISIC_0029014.jpg,4
ISIC_0031980.jpg,4
ISIC_0025982.jpg,4
ISIC_0030926.jpg,4
ISIC_0024877.jpg,4
ISIC_0033613.jpg,4
ISIC_0032827.jpg,4
ISIC_0024773.jpg,4
ISIC_0026846.jpg,4
ISIC_0026351.jpg,4
ISIC_0027295.jpg,4
ISIC_0031716.jpg,4
ISIC_0030835.jpg,4
ISIC_0032315.jpg,4
ISIC_0033913.jpg,4
ISIC_0033438.jpg,4
ISIC_0026273.jpg,4
ISIC_0027437.jpg,4
ISIC_0029912.jpg,4
ISIC_0028414.jpg,4
ISIC_0026871.jpg,4
ISIC_0028881.jpg,4
ISIC_0034103.jpg,4
ISIC_0027916.jpg,4
ISIC_0034126.jpg,4
ISIC_0029288.jpg,4
ISIC_0030369.jpg,4
ISIC_0026803.jpg,4
ISIC_0032159.jpg,4
ISIC_0024758.jpg,4
ISIC_0024426.jpg,4
ISIC_0027287.jpg,4
ISIC_0032508.jpg,4
ISIC_0029600.jpg,4
ISIC_0031088.jpg,4
ISIC_0029878.jpg,4
ISIC_0029010.jpg,4
ISIC_0027167.jpg,4
ISIC_0033601.jpg,4
ISIC_0028952.jpg,4
ISIC_0028920.jpg,4
ISIC_0026794.jpg,4
ISIC_0028593.jpg,4
ISIC_0027652.jpg,4
ISIC_0028331.jpg,4
ISIC_0033041.jpg,4
ISIC_0027828.jpg,4
ISIC_0026714.jpg,4
ISIC_0031511.jpg,4
ISIC_0026249.jpg,4
ISIC_0028710.jpg,4
ISIC_0031349.jpg,4
ISIC_0032773.jpg,4
ISIC_0028842.jpg,4
ISIC_0025548.jpg,4
ISIC_0031326.jpg,4
ISIC_0027850.jpg,4
ISIC_0032997.jpg,4
ISIC_0030081.jpg,4
ISIC_0034283.jpg,4
ISIC_0027451.jpg,4
ISIC_0027509.jpg,4
ISIC_0025099.jpg,4
ISIC_0031008.jpg,4
ISIC_0034221.jpg,4
ISIC_0031707.jpg,4
ISIC_0029394.jpg,4
ISIC_0032618.jpg,4
ISIC_0027954.jpg,4
ISIC_0026849.jpg,4
ISIC_0032829.jpg,4
ISIC_0028707.jpg,4
ISIC_0027796.jpg,4
ISIC_0032283.jpg,4
ISIC_0028992.jpg,4
ISIC_0030203.jpg,4
ISIC_0031289.jpg,4
ISIC_0025136.jpg,4
ISIC_0025716.jpg,4
ISIC_0030026.jpg,4
ISIC_0029849.jpg,4
ISIC_0028876.jpg,4
ISIC_0029802.jpg,4
ISIC_0028792.jpg,4
ISIC_0024883.jpg,4
ISIC_0026553.jpg,4
ISIC_0028925.jpg,4
ISIC_0027370.jpg,4
ISIC_0025066.jpg,4
ISIC_0031876.jpg,4
ISIC_0031485.jpg,4
ISIC_0030998.jpg,4
ISIC_0034296.jpg,4
ISIC_0026298.jpg,4
ISIC_0033631.jpg,4
ISIC_0033528.jpg,4
ISIC_0030372.jpg,4
ISIC_0030705.jpg,4
ISIC_0028094.jpg,4
ISIC_0031000.jpg,4
ISIC_0027053.jpg,4
ISIC_0033252.jpg,4
ISIC_0029418.jpg,4
ISIC_0025642.jpg,4
ISIC_0025567.jpg,4
ISIC_0031961.jpg,4
ISIC_0033855.jpg,4
ISIC_0033022.jpg,4
ISIC_0033482.jpg,4
ISIC_0033900.jpg,4
ISIC_0028020.jpg,4
ISIC_0032123.jpg,4
ISIC_0028701.jpg,4
ISIC_0028254.jpg,4
ISIC_0025351.jpg,4
ISIC_0025431.jpg,4
ISIC_0029345.jpg,4
ISIC_0026523.jpg,4
ISIC_0030329.jpg,4
ISIC_0031624.jpg,4
ISIC_0029301.jpg,4
ISIC_0027344.jpg,4
ISIC_0024708.jpg,4
ISIC_0034003.jpg,4
ISIC_0032460.jpg,4
ISIC_0028336.jpg,4
ISIC_0033465.jpg,4
ISIC_0033264.jpg,4
ISIC_0026135.jpg,4
ISIC_0029674.jpg,4
ISIC_0025032.jpg,4
ISIC_0033553.jpg,4
ISIC_0027279.jpg,4
ISIC_0033758.jpg,4
ISIC_0027831.jpg,4
ISIC_0029166.jpg,4
ISIC_0031620.jpg,4
ISIC_0029233.jpg,4
ISIC_0024871.jpg,4
ISIC_0024623.jpg,4
ISIC_0027419.jpg,4
ISIC_0026867.jpg,4
ISIC_0033212.jpg,4
ISIC_0030318.jpg,4
ISIC_0032883.jpg,4
ISIC_0031691.jpg,4
ISIC_0032111.jpg,4
ISIC_0033853.jpg,4
ISIC_0030137.jpg,4
ISIC_0031967.jpg,4
ISIC_0028681.jpg,4
ISIC_0025086.jpg,4
ISIC_0025746.jpg,4
ISIC_0029927.jpg,4
ISIC_0034197.jpg,4
ISIC_0026443.jpg,4
ISIC_0024774.jpg,4
ISIC_0030801.jpg,4
ISIC_0032359.jpg,4
ISIC_0027771.jpg,4
ISIC_0025005.jpg,4
ISIC_0024446.jpg,4
ISIC_0024592.jpg,4
ISIC_0034125.jpg,4
ISIC_0031133.jpg,4
ISIC_0033629.jpg,4
ISIC_0032024.jpg,4
ISIC_0030661.jpg,4
ISIC_0031029.jpg,4
ISIC_0029396.jpg,4
ISIC_0026556.jpg,4
ISIC_0028970.jpg,4
ISIC_0026263.jpg,4
ISIC_0033246.jpg,4
ISIC_0027584.jpg,4
ISIC_0024312.jpg,4
ISIC_0026104.jpg,4
ISIC_0028503.jpg,4
ISIC_0024982.jpg,4
ISIC_0024890.jpg,4
ISIC_0030706.jpg,4
ISIC_0027332.jpg,4
ISIC_0024408.jpg,4
ISIC_0029329.jpg,4
ISIC_0029527.jpg,4
ISIC_0026679.jpg,4
ISIC_0032983.jpg,4
ISIC_0025661.jpg,4
ISIC_0031872.jpg,4
ISIC_0025659.jpg,4
ISIC_0033778.jpg,4
ISIC_0025885.jpg,4
ISIC_0032179.jpg,4
ISIC_0024761.jpg,4
ISIC_0025874.jpg,4
ISIC_0032063.jpg,4
ISIC_0033505.jpg,4
ISIC_0029202.jpg,4
ISIC_0027875.jpg,4
ISIC_0024336.jpg,4
ISIC_0030067.jpg,4
ISIC_0027219.jpg,4
ISIC_0033307.jpg,4
ISIC_0028662.jpg,4
ISIC_0030683.jpg,4
ISIC_0031812.jpg,4
ISIC_0027527.jpg,4
ISIC_0030698.jpg,4
ISIC_0034165.jpg,4
ISIC_0026174.jpg,4
ISIC_0034167.jpg,4
ISIC_0026290.jpg,4
ISIC_0025297.jpg,4
ISIC_0030231.jpg,4
ISIC_0029235.jpg,4
ISIC_0025554.jpg,4
ISIC_0026907.jpg,4
ISIC_0031853.jpg,4
ISIC_0033606.jpg,4
ISIC_0029924.jpg,4
ISIC_0026044.jpg,4
ISIC_0031831.jpg,4
ISIC_0031334.jpg,4
ISIC_0033523.jpg,4
ISIC_0025879.jpg,4
ISIC_0025837.jpg,4
ISIC_0029776.jpg,4
ISIC_0028840.jpg,4
ISIC_0027025.jpg,4
ISIC_0033949.jpg,4
ISIC_0030319.jpg,4
ISIC_0029568.jpg,4
ISIC_0032949.jpg,4
ISIC_0029683.jpg,4
ISIC_0027990.jpg,4
ISIC_0031903.jpg,4
ISIC_0024740.jpg,4
ISIC_0024547.jpg,4
ISIC_0025140.jpg,4
ISIC_0026493.jpg,4
ISIC_0024498.jpg,4
ISIC_0033401.jpg,4
ISIC_0029559.jpg,4
ISIC_0030208.jpg,4
ISIC_0033770.jpg,4
ISIC_0030207.jpg,4
ISIC_0027982.jpg,4
ISIC_0032694.jpg,4
ISIC_0026277.jpg,4
ISIC_0028200.jpg,4
ISIC_0025627.jpg,4
ISIC_0033761.jpg,4
ISIC_0031159.jpg,4
ISIC_0028958.jpg,4
ISIC_0029126.jpg,4
ISIC_0028080.jpg,4
ISIC_0028347.jpg,4
ISIC_0026159.jpg,4
ISIC_0025703.jpg,4
ISIC_0028560.jpg,4
ISIC_0025867.jpg,4
ISIC_0030123.jpg,4
ISIC_0029003.jpg,4
ISIC_0032043.jpg,4
ISIC_0026070.jpg,4
ISIC_0028404.jpg,4
ISIC_0030258.jpg,4
ISIC_0033677.jpg,4
ISIC_0030608.jpg,4
ISIC_0025810.jpg,4
ISIC_0024851.jpg,4
ISIC_0033784.jpg,4
ISIC_0032534.jpg,4
ISIC_0025276.jpg,4
ISIC_0033987.jpg,4
ISIC_0031132.jpg,4
ISIC_0026422.jpg,4
ISIC_0034115.jpg,4
ISIC_0031150.jpg,4
ISIC_0033592.jpg,4
ISIC_0028640.jpg,4
ISIC_0028309.jpg,4
ISIC_0032972.jpg,4
ISIC_0028650.jpg,4
ISIC_0034189.jpg,4
ISIC_0030607.jpg,4
ISIC_0032732.jpg,4
ISIC_0029585.jpg,4
ISIC_0033056.jpg,4
ISIC_0029251.jpg,4
ISIC_0025507.jpg,4
ISIC_0026842.jpg,4
ISIC_0033284.jpg,4
ISIC_0030783.jpg,4
ISIC_0028473.jpg,4
ISIC_0024909.jpg,4
ISIC_0032303.jpg,4
ISIC_0034259.jpg,4
ISIC_0032116.jpg,4
ISIC_0025330.jpg,4
ISIC_0033750.jpg,4
ISIC_0028702.jpg,4
ISIC_0026526.jpg,4
ISIC_0024381.jpg,4
ISIC_0026783.jpg,4
ISIC_0029897.jpg,4
ISIC_0025388.jpg,4
ISIC_0026955.jpg,4
ISIC_0028354.jpg,4
ISIC_0025693.jpg,4
ISIC_0034291.jpg,4
ISIC_0026717.jpg,4
ISIC_0032365.jpg,4
ISIC_0030965.jpg,4
ISIC_0033701.jpg,4
ISIC_0030005.jpg,4
ISIC_0027192.jpg,4
ISIC_0033865.jpg,4
ISIC_0033783.jpg,4
ISIC_0030160.jpg,4
ISIC_0031770.jpg,4
ISIC_0025376.jpg,4
ISIC_0033127.jpg,4
ISIC_0033736.jpg,4
ISIC_0027735.jpg,4
ISIC_0025777.jpg,4
ISIC_0032740.jpg,4
ISIC_0033361.jpg,4
ISIC_0029810.jpg,4
ISIC_0034031.jpg,4
ISIC_0026744.jpg,4
ISIC_0030272.jpg,4
ISIC_0028628.jpg,4
ISIC_0026046.jpg,4
ISIC_0031577.jpg,4
ISIC_0031218.jpg,4
ISIC_0026248.jpg,4
ISIC_0030436.jpg,4
ISIC_0033391.jpg,4
ISIC_0024825.jpg,4
ISIC_0030427.jpg,5
ISIC_0026629.jpg,5
ISIC_0031309.jpg,5
ISIC_0029967.jpg,5
ISIC_0024386.jpg,5
ISIC_0029760.jpg,5
ISIC_0030555.jpg,5
ISIC_0028880.jpg,5
ISIC_0027613.jpg,5
ISIC_0025911.jpg,5
ISIC_0032468.jpg,5
ISIC_0031002.jpg,5
ISIC_0028735.jpg,5
ISIC_0030830.jpg,5
ISIC_0033422.jpg,5
ISIC_0025668.jpg,5
ISIC_0027118.jpg,5
ISIC_0025771.jpg,5
ISIC_0029783.jpg,5
ISIC_0026471.jpg,5
ISIC_0026417.jpg,5
ISIC_0027876.jpg,5
ISIC_0027008.jpg,5
ISIC_0027648.jpg,5
ISIC_0029248.jpg,5
ISIC_0025223.jpg,5
ISIC_0032247.jpg,5
ISIC_0027188.jpg,5
ISIC_0025622.jpg,5
ISIC_0024396.jpg,5
ISIC_0033780.jpg,5
ISIC_0034135.jpg,5
ISIC_0033810.jpg,5
ISIC_0024994.jpg,5
ISIC_0027598.jpg,5
ISIC_0029297.jpg,5
ISIC_0028346.jpg,5
ISIC_0025980.jpg,5
ISIC_0030321.jpg,5
ISIC_0031429.jpg,5
ISIC_0028651.jpg,5
ISIC_0029130.jpg,5
ISIC_0030665.jpg,5
ISIC_0032642.jpg,5
ISIC_0027745.jpg,5
ISIC_0033675.jpg,5
ISIC_0031799.jpg,5
ISIC_0029962.jpg,5
ISIC_0033808.jpg,5
ISIC_0031735.jpg,5
ISIC_0027216.jpg,5
ISIC_0029177.jpg,5
ISIC_0024973.jpg,5
ISIC_0030442.jpg,5
ISIC_0025373.jpg,5
ISIC_0028926.jpg,5
ISIC_0032410.jpg,5
ISIC_0033790.jpg,5
ISIC_0025903.jpg,5
ISIC_0027107.jpg,5
ISIC_0027727.jpg,5
ISIC_0030011.jpg,5
ISIC_0031257.jpg,5
ISIC_0031271.jpg,5
ISIC_0032941.jpg,5
ISIC_0029973.jpg,5
ISIC_0033695.jpg,5
ISIC_0027488.jpg,5
ISIC_0026254.jpg,5
ISIC_0032138.jpg,5
ISIC_0024845.jpg,5
ISIC_0029891.jpg,5
ISIC_0033005.jpg,5
ISIC_0029052.jpg,5
ISIC_0031372.jpg,5
ISIC_0031344.jpg,5
ISIC_0031457.jpg,5
ISIC_0033847.jpg,5
ISIC_0026473.jpg,5
ISIC_0033554.jpg,5
ISIC_0025954.jpg,5
ISIC_0029824.jpg,5
ISIC_0027044.jpg,5
ISIC_0029039.jpg,5
ISIC_0026313.jpg,5
ISIC_0034169.jpg,5
ISIC_0025314.jpg,5
ISIC_0024553.jpg,5
ISIC_0030757.jpg,5
ISIC_0031358.jpg,5
ISIC_0025154.jpg,5
ISIC_0030021.jpg,5
ISIC_0030244.jpg,5
ISIC_0033256.jpg,5
ISIC_0031827.jpg,5
ISIC_0024318.jpg,5
ISIC_0031443.jpg,5
ISIC_0025594.jpg,5
ISIC_0025302.jpg,5
ISIC_0033860.jpg,5
ISIC_0032114.jpg,5
ISIC_0027626.jpg,5
ISIC_0030870.jpg,5
ISIC_0033891.jpg,5
ISIC_0030015.jpg,5
ISIC_0027141.jpg,5
ISIC_0028790.jpg,5
ISIC_0033626.jpg,5
ISIC_0031123.jpg,5
ISIC_0030579.jpg,5
ISIC_0032613.jpg,5
ISIC_0026789.jpg,5
ISIC_0029578.jpg,5
ISIC_0025504.jpg,5
ISIC_0024330.jpg,5
ISIC_0025250.jpg,6
ISIC_0031217.jpg,6
ISIC_0028885.jpg,6
ISIC_0032557.jpg,6
ISIC_0033349.jpg,6
ISIC_0025578.jpg,6
ISIC_0025596.jpg,6
ISIC_0027522.jpg,6
ISIC_0033254.jpg,6
ISIC_0029514.jpg,6
ISIC_0025680.jpg,6
ISIC_0030283.jpg,6
ISIC_0033031.jpg,6
ISIC_0033450.jpg,6
ISIC_0028406.jpg,6
ISIC_0026092.jpg,6
ISIC_0033749.jpg,6
ISIC_0030606.jpg,6
ISIC_0028188.jpg,6
ISIC_0025244.jpg,6
ISIC_0026490.jpg,6
ISIC_0031719.jpg,6
ISIC_0029448.jpg,6
ISIC_0029742.jpg,6
ISIC_0033135.jpg,6
ISIC_0024747.jpg,6
ISIC_0032745.jpg,6
ISIC_0032240.jpg,6
ISIC_0031996.jpg,6
ISIC_0031901.jpg,6
ISIC_0033969.jpg,6
ISIC_0027888.jpg,6
ISIC_0029439.jpg,6
ISIC_0027856.jpg,6
ISIC_0033591.jpg,6
ISIC_0031215.jpg,6
ISIC_0029889.jpg,6
ISIC_0030770.jpg,6
ISIC_0025677.jpg,6
ISIC_0025606.jpg,6
ISIC_0033844.jpg,6
ISIC_0026456.jpg,6
ISIC_0033991.jpg,6
ISIC_0031759.jpg,6
ISIC_0031955.jpg,6
ISIC_0025873.jpg,6
ISIC_0032839.jpg,6
ISIC_0032545.jpg,6
ISIC_0032614.jpg,6
ISIC_0033762.jpg,6
ISIC_0028714.jpg,6
ISIC_0032866.jpg,6
ISIC_0029877.jpg,6
ISIC_0024402.jpg,6
ISIC_0030882.jpg,6
ISIC_0025612.jpg,6
ISIC_0031276.jpg,6
ISIC_0024706.jpg,6
ISIC_0027903.jpg,6
ISIC_0030275.jpg,6
ISIC_0026349.jpg,6
ISIC_0031648.jpg,6
ISIC_0033123.jpg,6
ISIC_0026713.jpg,6
ISIC_0031197.jpg,6
ISIC_0027665.jpg,6
ISIC_0029404.jpg,6
ISIC_0029099.jpg,6
ISIC_0024904.jpg,6
ISIC_0026336.jpg,6
ISIC_0033608.jpg,6
ISIC_0027256.jpg,6
ISIC_0024375.jpg,6
ISIC_0025807.jpg,6
ISIC_0025707.jpg,6
ISIC_0024867.jpg,6
ISIC_0030956.jpg,6
ISIC_0026068.jpg,6
ISIC_0028163.jpg,6
ISIC_0032890.jpg,6
ISIC_0033158.jpg,6
ISIC_0032270.jpg,6
ISIC_0025599.jpg,6
ISIC_0033092.jpg,6
ISIC_0032057.jpg,6
ISIC_0028431.jpg,6
ISIC_0024475.jpg,6
ISIC_0025628.jpg,6
ISIC_0031090.jpg,6
ISIC_0032692.jpg,6
ISIC_0033230.jpg,6
ISIC_0025924.jpg,6
ISIC_0026693.jpg,6
ISIC_0026163.jpg,6
ISIC_0027159.jpg,6
ISIC_0032919.jpg,6
ISIC_0024370.jpg,6
ISIC_0033565.jpg,6
ISIC_0032775.jpg,6
ISIC_0025249.jpg,6
ISIC_0031065.jpg,6
ISIC_0031093.jpg,6
ISIC_0033458.jpg,6
ISIC_0024662.jpg,6
ISIC_0027563.jpg,6
ISIC_0028680.jpg,6
ISIC_0029486.jpg,6
ISIC_0025425.jpg,6
ISIC_0025452.jpg,6
ISIC_0027983.jpg,6
ISIC_0030104.jpg,6
ISIC_0024669.jpg,6
ISIC_0031950.jpg,6
ISIC_0031706.jpg,6
ISIC_0034196.jpg,6
ISIC_0026393.jpg,6
ISIC_0032076.jpg,6
ISIC_0025321.jpg,6
ISIC_0031346.jpg,6
ISIC_0034214.jpg,6
ISIC_0030070.jpg,6
ISIC_0032932.jpg,6
ISIC_0033817.jpg,6
ISIC_0028146.jpg,6
ISIC_0027672.jpg,6
ISIC_0032409.jpg,6
ISIC_0031270.jpg,6
ISIC_0027269.jpg,6
ISIC_0027937.jpg,6
ISIC_0032538.jpg,6
ISIC_0032715.jpg,6
ISIC_0025197.jpg,6
ISIC_0031103.jpg,6
ISIC_0032867.jpg,6
ISIC_0027385.jpg,6
ISIC_0027210.jpg,6
ISIC_0027790.jpg,6
ISIC_0031201.jpg,6
ISIC_0026876.jpg,6
ISIC_0029608.jpg,6
ISIC_0026467.jpg,6
ISIC_0030722.jpg,6
